{"cameraMode":{"drawMode":0,"name":"Shaded","section":"Shading Mode"},"sceneLighting":true,"audioPlay":false,"sceneViewState":{"m_AlwaysRefresh":false,"showFog":true,"showSkybox":true,"showFlares":true,"showImageEffects":true,"showParticleSystems":true,"showVisualEffectGraphs":true,"m_FxEnabled":true},"in2DMode":false,"pivot":{"x":620.451904296875,"y":351.9066162109375,"z":-829.9402465820313},"rotation":{"x":-0.058493632823228839,"y":0.0935923159122467,"z":-0.0058473022654652599,"w":-0.9940723776817322},"size":17.334016799926759,"orthographic":false}