{"cameraMode":{"drawMode":0,"name":"Shaded","section":"Shading Mode"},"sceneLighting":false,"audioPlay":false,"sceneViewState":{"m_AlwaysRefresh":false,"showFog":true,"showSkybox":false,"showFlares":true,"showImageEffects":true,"showParticleSystems":true,"showVisualEffectGraphs":true,"m_FxEnabled":true},"in2DMode":false,"pivot":{"x":-0.12749195098876954,"y":0.16939330101013184,"z":0.1800295114517212},"rotation":{"x":-0.15916737914085389,"y":0.5521637797355652,"z":-0.10847976803779602,"w":-0.8113199472427368},"size":1.7365511655807496,"orthographic":false}